Timestamp_Open,Timestamp_Close,Cycle_ID,Direction,Total_Positions_Opened,Regime_At_Entry,Max_Conviction_Score,Total_Realized_PnL,Exit_Reason
2026-09-30 05:14:24,2026-09-30 05:14:24,400,BUY,0,UNKNOWN,0.00,0.00,SCOUT_FAIL
2026-09-30 05:14:25,2026-09-30 05:14:25,100,BUY,0,UNKNOWN,0.00,0.00,TIME_DECAY
2026-09-30 05:14:25,2026-09-30 05:14:26,101,BUY,0,UNKNOWN,0.00,0.00,VIRTUAL_SL
2026-09-30 05:32:35,2026-09-30 05:32:36,400,BUY,0,UNKNOWN,0.00,0.00,SCOUT_FAIL
2026-09-30 05:32:37,2026-09-30 05:32:37,100,BUY,0,UNKNOWN,0.00,0.00,TIME_DECAY
2026-09-30 05:32:37,2026-09-30 05:32:37,101,BUY,0,UNKNOWN,0.00,0.00,VIRTUAL_SL
2026-09-30 05:33:11,2026-09-30 05:33:11,400,BUY,0,UNKNOWN,0.00,0.00,SCOUT_FAIL
2026-09-30 05:33:12,2026-09-30 05:33:12,100,BUY,0,UNKNOWN,0.00,0.00,TIME_DECAY
2026-09-30 05:33:12,2026-09-30 05:33:12,101,BUY,0,UNKNOWN,0.00,0.00,VIRTUAL_SL
2026-09-30 05:50:20,2026-09-30 05:50:20,400,BUY,0,UNKNOWN,0.00,0.00,SCOUT_FAIL
2026-09-30 05:50:21,2026-09-30 05:50:21,100,BUY,0,UNKNOWN,0.00,0.00,TIME_DECAY
2026-09-30 05:50:22,2026-09-30 05:50:22,101,BUY,0,UNKNOWN,0.00,0.00,VIRTUAL_SL
2026-09-30 05:52:55,2026-09-30 05:52:56,400,BUY,0,UNKNOWN,0.00,0.00,SCOUT_FAIL
2026-09-30 05:52:57,2026-09-30 05:52:57,100,BUY,0,UNKNOWN,0.00,0.00,TIME_DECAY
2026-09-30 05:52:57,2026-09-30 05:52:57,101,BUY,0,UNKNOWN,0.00,0.00,VIRTUAL_SL
2026-09-30 05:57:31,2026-09-30 05:57:31,400,BUY,0,UNKNOWN,0.00,0.00,SCOUT_FAIL
2026-09-30 05:57:32,2026-09-30 05:57:32,100,BUY,0,UNKNOWN,0.00,0.00,TIME_DECAY
2026-09-30 05:57:32,2026-09-30 05:57:32,101,BUY,0,UNKNOWN,0.00,0.00,VIRTUAL_SL
2026-09-30 06:00:10,2026-09-30 06:00:10,1790722810,BUY,0,UNKNOWN,0.00,0.00,HARD_SL_SPIKE
2026-09-30 06:00:40,2026-09-30 06:00:40,400,BUY,0,UNKNOWN,0.00,0.00,SCOUT_FAIL
2026-09-30 06:00:41,2026-09-30 06:00:41,100,BUY,0,UNKNOWN,0.00,0.00,TIME_DECAY
2026-09-30 06:00:41,2026-09-30 06:00:41,101,BUY,0,UNKNOWN,0.00,0.00,VIRTUAL_SL
2026-09-30 06:01:32,2026-09-30 06:01:32,1790722892,BUY,0,UNKNOWN,0.00,0.00,HARD_SL_SPIKE
2026-09-30 06:15:13,2026-09-30 06:15:13,1790723713,BUY,0,UNKNOWN,0.00,0.00,HARD_SL_SPIKE
2026-09-30 06:21:54,2026-09-30 06:21:54,1790724114,BUY,0,UNKNOWN,0.00,0.00,HARD_SL_SPIKE
2026-09-30 06:22:31,2026-09-30 06:22:31,1790724151,BUY,0,UNKNOWN,0.00,0.00,HARD_SL_SPIKE
2026-09-30 06:45:49,2026-09-30 06:45:49,100,BUY,0,UNKNOWN,0.00,0.00,TIME_DECAY
2026-09-30 06:45:50,2026-09-30 06:45:50,101,BUY,0,UNKNOWN,0.00,0.00,VIRTUAL_SL
2026-09-30 06:47:03,2026-09-30 06:47:03,400,BUY,0,UNKNOWN,0.00,0.00,SCOUT_FAIL
2026-09-30 06:47:04,2026-09-30 06:47:04,100,BUY,0,UNKNOWN,0.00,0.00,TIME_DECAY
2026-09-30 06:47:05,2026-09-30 06:47:05,101,BUY,0,UNKNOWN,0.00,0.00,VIRTUAL_SL
2026-09-30 06:54:52,2026-09-30 06:54:52,400,BUY,0,UNKNOWN,0.00,0.00,SCOUT_FAIL
2026-09-30 06:54:53,2026-09-30 06:54:53,100,BUY,0,UNKNOWN,0.00,0.00,TIME_DECAY
2026-09-30 06:54:53,2026-09-30 06:54:54,101,BUY,0,UNKNOWN,0.00,0.00,VIRTUAL_SL
2026-09-30 06:59:09,2026-09-30 06:59:09,400,BUY,0,UNKNOWN,0.00,0.00,SCOUT_FAIL
2026-09-30 06:59:10,2026-09-30 06:59:10,100,BUY,0,UNKNOWN,0.00,0.00,TIME_DECAY
2026-09-30 06:59:10,2026-09-30 06:59:10,101,BUY,0,UNKNOWN,0.00,0.00,VIRTUAL_SL
2026-09-30 06:59:23,2026-09-30 06:59:23,400,BUY,0,UNKNOWN,0.00,0.00,SCOUT_FAIL
2026-09-30 06:59:24,2026-09-30 06:59:24,100,BUY,0,UNKNOWN,0.00,0.00,TIME_DECAY
2026-09-30 06:59:24,2026-09-30 06:59:24,101,BUY,0,UNKNOWN,0.00,0.00,VIRTUAL_SL
2026-09-30 06:59:41,2026-09-30 06:59:41,400,BUY,0,UNKNOWN,0.00,0.00,SCOUT_FAIL
2026-09-30 06:59:42,2026-09-30 06:59:43,100,BUY,0,UNKNOWN,0.00,0.00,TIME_DECAY
2026-09-30 06:59:43,2026-09-30 06:59:43,101,BUY,0,UNKNOWN,0.00,0.00,VIRTUAL_SL
2026-09-30 07:02:36,2026-09-30 07:02:36,1790726556,BUY,0,UNKNOWN,0.00,0.00,HARD_SL_SPIKE
2026-09-30 07:02:44,2026-09-30 07:02:44,1790726564,BUY,0,UNKNOWN,0.00,0.00,HARD_SL_SPIKE
2026-09-30 07:06:11,2026-09-30 07:06:11,400,BUY,0,UNKNOWN,0.00,0.00,SCOUT_FAIL
2026-09-30 07:06:12,2026-09-30 07:06:12,100,BUY,0,UNKNOWN,0.00,0.00,TIME_DECAY
2026-09-30 07:06:12,2026-09-30 07:06:12,101,BUY,0,UNKNOWN,0.00,0.00,VIRTUAL_SL
2026-09-30 07:15:02,2026-09-30 07:15:02,400,BUY,0,UNKNOWN,0.00,0.00,SCOUT_FAIL
2026-09-30 07:15:03,2026-09-30 07:15:03,100,BUY,0,UNKNOWN,0.00,0.00,TIME_DECAY
2026-09-30 07:15:03,2026-09-30 07:15:03,101,BUY,0,UNKNOWN,0.00,0.00,VIRTUAL_SL
2026-09-30 07:17:06,2026-09-30 07:17:06,1790727425,BUY,0,UNKNOWN,0.00,0.00,HARD_SL_SPIKE
2026-09-30 07:18:08,2026-09-30 07:18:08,1790727488,BUY,0,UNKNOWN,0.00,0.00,HARD_SL_SPIKE
2026-09-30 07:20:21,2026-09-30 07:20:21,1790727621,BUY,0,UNKNOWN,0.00,0.00,HARD_SL_SPIKE
2026-09-30 07:23:06,2026-09-30 07:23:06,400,BUY,0,UNKNOWN,0.00,0.00,SCOUT_FAIL
2026-09-30 07:23:07,2026-09-30 07:23:07,100,BUY,0,UNKNOWN,0.00,0.00,TIME_DECAY
2026-09-30 07:23:07,2026-09-30 07:23:07,101,BUY,0,UNKNOWN,0.00,0.00,VIRTUAL_SL
2026-09-30 07:34:37,2026-09-30 07:34:37,100,BUY,0,UNKNOWN,0.00,0.00,TIME_DECAY
2026-09-30 07:34:37,2026-09-30 07:34:37,101,BUY,0,UNKNOWN,0.00,0.00,VIRTUAL_SL
2026-09-30 07:35:00,2026-09-30 07:35:00,400,BUY,0,UNKNOWN,0.00,0.00,SCOUT_FAIL
2026-09-30 07:35:01,2026-09-30 07:35:01,100,BUY,0,UNKNOWN,0.00,0.00,TIME_DECAY
2026-09-30 07:35:01,2026-09-30 07:35:01,101,BUY,0,UNKNOWN,0.00,0.00,VIRTUAL_SL
